{
  "$schema": "https://go.kicad.org/pcm/schemas/v1",
  "name": "Vampire",
  "description": "Purple KiCad theme. Forked from Dracula, it's dark. Try it out today!",
  "description_full": "Vampires can't stand light. I've also heard rumors that they love pink and purple. Put those two things together, and you get a dark purple theme with pink highlights! This project is a fork of the official Dracula theme, with added PCM support.",
  "identifier": "com.github.2231puppy.kicad-vampire",
  "type": "colortheme",
  "author": {
    "name": "2231puppy",
    "contact": {
      "web": "https://2231puppy.tech"
    }
  },
  "license": "CC0-1.0",
  "resources": {
    "homepage": "https://github.com/2231puppy/kicad-vampire"
  },
  "versions": [
    {
      "version": "0.1",
      "status": "testing",
      "kicad_version": "7.0"
    }
  ]
}
