{
  "3d_viewer": {
    "background_bottom": "rgb(102, 102, 128)",
    "background_top": "rgb(204, 204, 230)",
    "board": "rgb(51, 43, 23)",
    "copper": "rgb(179, 156, 0)",
    "silkscreen_bottom": "rgb(230, 230, 230)",
    "silkscreen_top": "rgb(230, 230, 230)",
    "soldermask": "rgb(20, 51, 36)",
    "solderpaste": "rgb(128, 128, 128)"
  },
  "board": {
    "anchor": "rgb(139, 233, 253)",
    "aux_items": "rgb(248, 248, 242)",
    "b_adhes": "rgb(139, 233, 253)",
    "b_crtyd": "rgb(80, 250, 123)",
    "b_fab": "rgb(139, 233, 253)",
    "b_mask": "rgb(255, 184, 108)",
    "b_paste": "rgb(255, 85, 85)",
    "b_silks": "rgb(189, 147, 249)",
    "background": "rgb(40, 42, 54)",
    "cmts_user": "rgb(139, 233, 253)",
    "copper": {
      "b": "rgb(80, 250, 123)",
      "f": "rgb(255, 85, 85)",
      "in1": "rgb(241, 250, 140)",
      "in10": "rgb(132, 0, 132)",
      "in11": "rgb(255, 85, 85)",
      "in12": "rgb(255, 184, 108)",
      "in13": "rgb(68, 71, 90)",
      "in14": "rgb(139, 233, 253)",
      "in15": "rgb(80, 250, 123)",
      "in16": "rgb(255, 85, 85)",
      "in17": "rgb(241, 250, 140)",
      "in18": "rgb(255, 121, 198)",
      "in19": "rgb(189, 147, 249)",
      "in2": "rgb(255, 121, 198)",
      "in20": "rgb(139, 233, 253)",
      "in21": "rgb(80, 250, 123)",
      "in22": "rgb(139, 233, 253)",
      "in23": "rgb(80, 250, 123)",
      "in24": "rgb(132, 0, 132)",
      "in25": "rgb(68, 71, 90)",
      "in26": "rgb(132, 0, 132)",
      "in27": "rgb(255, 85, 85)",
      "in28": "rgb(255, 184, 108)",
      "in29": "rgb(68, 71, 90)",
      "in3": "rgb(189, 147, 249)",
      "in30": "rgb(139, 233, 253)",
      "in4": "rgb(98, 114, 164)",
      "in5": "rgb(80, 250, 123)",
      "in6": "rgb(139, 233, 253)",
      "in7": "rgb(255, 184, 108)",
      "in8": "rgb(132, 0, 132)",
      "in9": "rgb(68, 71, 90)"
    },
    "cursor": "rgb(248, 248, 242)",
    "drc_error": "rgb(255, 0, 0)",
    "drc_exclusion": "rgb(248, 248, 242)",
    "drc_warning": "rgb(255, 255, 0)",
    "dwgs_user": "rgb(98, 114, 164)",
    "eco1_user": "rgb(80, 250, 123)",
    "eco2_user": "rgb(255, 184, 108)",
    "edge_cuts": "rgb(255, 184, 108)",
    "f_adhes": "rgb(189, 147, 249)",
    "f_crtyd": "rgb(68, 71, 90)",
    "f_fab": "rgb(132, 132, 132)",
    "f_mask": "rgb(189, 147, 249)",
    "f_paste": "rgb(255, 85, 85)",
    "f_silks": "rgb(139, 233, 253)",
    "footprint_text_back": "rgb(139, 233, 253)",
    "footprint_text_front": "rgb(68, 71, 90)",
    "footprint_text_invisible": "rgb(68, 71, 90)",
    "grid": "rgb(68, 71, 90)",
    "grid_axes": "rgb(68, 71, 90)",
    "margin": "rgb(255, 121, 198)",
    "no_connect": "rgb(139, 233, 253)",
    "pad_back": "rgb(80, 250, 123)",
    "pad_front": "rgb(255, 85, 85)",
    "pad_plated_hole": "rgb(255, 184, 108)",
    "pad_through_hole": "rgb(255, 184, 108)",
    "plated_hole": "rgb(255, 184, 108)",
    "ratsnest": "rgb(248, 248, 242)",
    "select_overlay": "rgb(72, 0, 0)",
    "through_via": "rgb(68, 71, 90)",
    "via": "rgb(0, 0, 0)",
    "via_blind_buried": "rgb(255, 184, 108)",
    "via_hole": "rgb(248, 248, 242)",
    "via_micro": "rgb(139, 233, 253)",
    "via_through": "rgb(68, 71, 90)",
    "worksheet": "rgb(189, 147, 249)"
  },
  "gerbview": {
    "axes": "rgb(0, 0, 132)",
    "background": "rgb(0, 0, 0)",
    "dcodes": "rgb(255, 255, 255)",
    "grid": "rgb(132, 0, 132)",
    "layers": [
      "rgb(255, 85, 85)",
      "rgb(194, 194, 0)",
      "rgb(255, 121, 198)",
      "rgb(194, 0, 0)",
      "rgb(0, 132, 132)",
      "rgb(80, 250, 123)",
      "rgb(0, 0, 132)",
      "rgb(132, 132, 132)",
      "rgb(132, 0, 132)",
      "rgb(194, 194, 194)",
      "rgb(132, 0, 132)",
      "rgb(255, 85, 85)",
      "rgb(132, 132, 0)",
      "rgb(194, 194, 194)",
      "rgb(0, 0, 132)",
      "rgb(80, 250, 123)",
      "rgb(255, 85, 85)",
      "rgb(194, 194, 0)",
      "rgb(255, 121, 198)",
      "rgb(194, 0, 0)",
      "rgb(0, 132, 132)",
      "rgb(80, 250, 123)",
      "rgb(0, 0, 132)",
      "rgb(132, 132, 132)",
      "rgb(132, 0, 132)",
      "rgb(194, 194, 194)",
      "rgb(132, 0, 132)",
      "rgb(255, 85, 85)",
      "rgb(132, 132, 0)",
      "rgb(194, 194, 194)",
      "rgb(0, 0, 132)",
      "rgb(80, 250, 123)",
      "rgb(255, 85, 85)",
      "rgb(194, 194, 0)",
      "rgb(255, 121, 198)",
      "rgb(194, 0, 0)",
      "rgb(0, 132, 132)",
      "rgb(80, 250, 123)",
      "rgb(0, 0, 132)",
      "rgb(132, 132, 132)",
      "rgb(132, 0, 132)",
      "rgb(194, 194, 194)",
      "rgb(132, 0, 132)",
      "rgb(255, 85, 85)",
      "rgb(132, 132, 0)",
      "rgb(194, 194, 194)",
      "rgb(0, 0, 132)",
      "rgb(80, 250, 123)",
      "rgb(255, 85, 85)",
      "rgb(194, 194, 0)",
      "rgb(255, 121, 198)"
    ],
    "negative_objects": "rgb(132, 132, 132)",
    "worksheet": "rgb(0, 0, 132)"
  },
  "meta": {
    "filename": "vampire",
    "name": "Vampire",
    "version": 1
  },
  "palette": [
    "rgb(255, 85, 85)",
    "rgb(194, 194, 0)",
    "rgb(255, 121, 198)",
    "rgb(194, 0, 0)",
    "rgb(0, 132, 132)",
    "rgb(80, 250, 123)",
    "rgb(0, 0, 132)",
    "rgb(132, 132, 132)",
    "rgb(132, 0, 132)",
    "rgb(194, 194, 194)",
    "rgb(132, 0, 132)",
    "rgb(255, 85, 85)",
    "rgb(132, 132, 0)",
    "rgb(194, 194, 194)",
    "rgb(0, 0, 132)",
    "rgb(80, 250, 123)"
  ],
  "schematic": {
    "aux_items": "rgb(248, 248, 242)",
    "background": "rgb(40, 41, 54)",
    "brightened": "rgb(255, 184, 108)",
    "bus": "rgb(98, 214, 232)",
    "bus_junction": "rgb(98, 214, 232)",
    "component_body": "rgb(77, 79, 104)",
    "component_outline": "rgb(234, 81, 178)",
    "cursor": "rgb(248, 248, 242)",
    "erc_error": "rgb(255, 0, 0)",
    "erc_warning": "rgb(255, 0, 0)",
    "fields": "rgb(161, 239, 228)",
    "grid": "rgb(68, 71, 90)",
    "grid_axes": "rgb(139, 233, 253)",
    "hidden": "rgb(194, 194, 194)",
    "junction": "rgb(0, 247, 105)",
    "label_global": "rgb(255, 121, 198)",
    "label_hier": "rgb(235, 255, 135)",
    "label_local": "rgb(235, 255, 135)",
    "net_name": "rgb(132, 132, 132)",
    "no_connect": "rgb(98, 214, 232)",
    "note": "rgb(98, 214, 232)",
    "override_item_colors": false,
    "pin": "rgb(234, 81, 178)",
    "pin_name": "rgb(0, 247, 105)",
    "pin_number": "rgb(234, 81, 178)",
    "reference": "rgb(161, 239, 228)",
    "shadow": "rgba(199, 235, 255, 0.800)",
    "sheet": "rgb(180, 91, 207)",
    "sheet_background": "rgba(255, 255, 255, 0.000)",
    "sheet_fields": "rgb(180, 91, 207)",
    "sheet_filename": "rgb(180, 91, 207)",
    "sheet_label": "rgb(180, 91, 207)",
    "sheet_name": "rgb(180, 91, 207)",
    "value": "rgb(161, 239, 228)",
    "wire": "rgb(0, 247, 105)",
    "worksheet": "rgb(180, 91, 207)"
  }
}
